"GID","WinProb"
11825,0.600120077007441
11228,0.624564997970676
11330,0.581125354124112
11515,0.811222091053978
11830,0.398059950802071
11166,0.289127156233778
11822,0.32185855242238
11863,0.760215867546193
11596,0.795401964972775
11567,0.579908363550405
11031,0.575022092829142
11170,0.675234670219031
11143,0.789444435923468
11617,0.69443222085702
11339,0.670359623275523
11693,0.379566500691617
11443,0.587263236371176
11644,0.705126839654823
11904,0.772647425165805
11333,0.657366675538714
11696,0.891470685281727
11845,0.578123950659245
11174,0.835984781271133
11581,0.623024261779546
11094,0.636360274691182
11224,0.579225482492953
11337,0.351478735781937
10987,0.554244137189712
11332,0.613706348380061
11779,0.748917268308583
11292,0.796710277487269
11424,0.615538360553109
11528,0.732894222379032
11430,0.274273064824703
11147,0.651017250852332
11733,0.546789753926971
11590,0.243730758340788
11703,0.738893782582244
11076,0.405258583256786
11637,0.700492849950257
11358,0.560929444778583
11725,0.288309623639239
11568,0.244870271933424
11688,0.694417136363534
11480,0.690909412974288
11460,0.729035009966662
11693,0.379566500691617
10996,0.540347977297997
11413,0.799923889576913
11640,0.44880046624152
11603,0.679920079446569
11412,0.77235465512314
11755,0.7084941627678
11375,0.721368883198307
11197,0.636715992858121
11037,0.693037435944727
11067,0.747877436733495
11265,0.656821779091058
11444,0.61273861090102
11574,0.895622418782975
11348,0.650852886509861
11796,0.237775199029449
11241,0.288948974811502
11391,0.54166706928437
11278,0.549644916313867
11560,0.327903389117289
11205,0.396108245610416
11407,0.674886675777798
11658,0.275807437941991
11049,0.716802566733294
11756,0.267037943025868
11282,0.750392675959532
11721,0.723944069516022
11287,0.826278508631123
11276,0.83867250700311
11400,0.324202335495803
11769,0.753013163603284
11741,0.807945189402432
11325,0.604422993534795
11662,0.612780350445496
11825,0.600120077007441
11367,0.668945645250256
11885,0.729901032712861
11903,0.608893652841817
11267,0.643312511660518
11642,0.883808122581721
11155,0.656565429326005
11601,0.663486354974913
11085,0.56339636632399
11192,0.347781568149768
11103,0.642124863181848
11186,0.582578701019637
11025,0.388833195232211
11537,0.30091764598185
11740,0.948130250262759
11652,0.872488160314068
11668,0.633588219037564
11376,0.855206942736475
11336,0.613786027431119
11678,0.118751944526583
11501,0.31088184719323
11545,0.581669021328611
11285,0.655832983268775
11210,0.57772153155156
11834,0.706360118949426
11523,0.63056696574916
11163,0.604479025243698
11089,0.366074298451488
11391,0.54166706928437
11774,0.822022189569678
11491,0.442896519251709
11817,0.699222577032605
11604,0.685428131126685
11844,0.338011678637973
11350,0.243477857361031
11104,0.474670616895186
10985,0.829244259933347
11589,0.797346155414331
11065,0.367911324402417
11364,0.272946028659207
11521,0.752795573017444
11823,0.679580483226696
11924,0.739323525710256
11873,0.62147081574668
11125,0.698892484689162
11616,0.827899882640432
11368,0.771560594960336
11886,0.237242427505713
11153,0.67788471814829
11171,0.799004257499875
11890,0.646163493264363
11463,0.679305218932769
11037,0.693037435944727
11004,0.248263539261415
11518,0.787697454758366
11757,0.874966042180362
11480,0.690909412974288
11448,0.48624332206148
11421,0.640418905319658
11802,0.227143599921322
11404,0.20687787595416
11550,0.340102824460644
11818,0.842395637983928
11175,0.618409046691712
11852,0.352113494341467
11585,0.727883892927805
11358,0.560929444778583
11123,0.888192629477086
11598,0.684858543061925
11063,0.696106882924622
11888,0.779749930528199
11487,0.57489263976373
11440,0.676486887650817
11251,0.792317298895062
11356,0.317475554113725
11391,0.54166706928437
11127,0.568882321960284
11418,0.772378940797992
11036,0.613476590241685
11204,0.691956919208801
11152,0.544588246604985
11843,0.689797697841114
11710,0.57750514417344
11348,0.650852886509861
11614,0.565243603898019
11695,0.745184212149899
11317,0.584515957829874
11026,0.59174863282005
11253,0.580695418853409
11569,0.443324470998183
11255,0.853875336316581
11489,0.269308802359328
11869,0.632383425867149
11669,0.856967949942208
11294,0.577017318028469
11288,0.617844747226251
11701,0.610534875293466
11496,0.691930120803035
11576,0.633996967367639
11468,0.594208960636025
11705,0.636327757215989
11214,0.706041293059929
11130,0.79789599655099
11891,0.891636348357242
11384,0.637086250320638
11846,0.774606945185227
11128,0.75679623125593
11809,0.416143533435987
11560,0.327903389117289
11731,0.464394967046314
11419,0.565568039246394
11546,0.342002459824241
11290,0.299229745283985
11056,0.790834802192352
11714,0.692147670025136
11203,0.779410491174412
11446,0.507597213405088
11064,0.866271434572153
11643,0.801659216981381
11230,0.688115597275455
11597,0.262949401591265
11189,0.798995586967483
11149,0.76936224719903
11388,0.872346237926104
11862,0.713513780374721
11122,0.554190252502597
11389,0.40868427505557
11423,0.666161121558354
11079,0.344775428739052
11178,0.62790174880203
11539,0.676248521086309
11730,0.664341083185733
11053,0.801197903647896
11574,0.895622418782975
11717,0.320817215673577
11875,0.76450745998578
11217,0.709728939993747
11484,0.567774670486949
11717,0.320817215673577
11717,0.320817215673577
11242,0.550878022887284
11181,0.386799005807888
11106,0.672968130240806
11226,0.694639914159006
11375,0.721368883198307
11689,0.791901878028671
11748,0.906841248664756
11212,0.593443605676363
11011,0.304572908805148
11299,0.75805759171343
11633,0.727027636168925
11245,0.611753319786032
11762,0.399958657814097
11268,0.766670601330418
11462,0.68104654882689
11279,0.42664837226954
11504,0.388245868409256
11503,0.846526783938163
11402,0.782901216364109
11306,0.800217171466022
11860,0.645969842321421
11209,0.385718762467103
11419,0.565568039246394
11665,0.78984062374389
11087,0.839460432078766
11293,0.612204152404063
11136,0.576683007988238
11302,0.46252379443931
11078,0.435922168098606
11328,0.610142075012063
11685,0.641673039870077
11552,0.775678840881088
11675,0.790191696666309
11334,0.582569923706239
11898,0.894861260608911
11346,0.603169092349234
11057,0.557481063792016
11163,0.604479025243698
11354,0.848411395611934
11260,0.78926586394721
11672,0.407735912138184
11373,0.411247953424756
11213,0.363440862976222
11182,0.380075127198205
11563,0.779126692143779
11785,0.50996203822842
11101,0.841954696685655
11022,0.812283963627855
11534,0.727307295406743
11437,0.795372149065442
11852,0.352113494341467
11021,0.697768457818511
11055,0.295485826394625
11263,0.864572324321369
11103,0.642124863181848
11195,0.767897383822752
11120,0.357208483914021
11165,0.800986098713036
11112,0.432467259408256
10411,0.78855838345712
10718,0.769705240581836
9930,0.244467836608995
10470,0.62950891437445
10831,0.789062906029541
10296,0.85126369703698
9950,0.787837581439037
10045,0.761427420890327
10237,0.205974349985129
10063,0.750970347722448
10039,0.672351965700956
10131,0.283230618141401
10137,0.772984885279576
10038,0.820344507138809
10919,0.837242640966531
10242,0.859611768251289
10439,0.55528879479863
10621,0.784060378998528
10005,0.563543086796391
10024,0.749692735988824
9953,0.755550540603945
10870,0.783919639404049
10608,0.25796719818239
9998,0.237289827008704
10419,0.614258272670869
10386,0.693252875747429
10291,0.39364001103567
10941,0.689097754123889
10084,0.350302601564642
10746,0.792009057310396
9969,0.626168226525951
10319,0.868353204190554
10948,0.743744367456644
10099,0.781082386272381
10772,0.404034677399778
10650,0.437981865398047
10174,0.565362920592531
10417,0.601357841957153
9984,0.560264326693485
10263,0.386339791352908
10895,0.665448369452702
10549,0.863806962573244
10587,0.422215009229928
10220,0.764789491612428
10320,0.659399338495182
10912,0.656434601661116
10779,0.836440212109953
10875,0.732919336454712
10733,0.900360823926105
10701,0.298820335271479
10171,0.574252611172736
10680,0.643812225477252
10902,0.640304291269561
10197,0.270822395772609
10309,0.242690700471489
10728,0.365249749946168
9975,0.441464571173286
10268,0.396137454039901
10351,0.353413821445349
10058,0.608038276436884
10501,0.770238964389035
10881,0.77622631555694
10897,0.64142771465877
10078,0.764661105677627
10457,0.692446706822372
10290,0.839068329359669
10586,0.81106681274668
10169,0.894874588035079
10379,0.708073719269699
10072,0.77428904196835
10271,0.897183892859917
10635,0.359687661991849
10393,0.668046254941967
9961,0.743542827240433
10690,0.292742874768795
10324,0.787270023127287
10907,0.666225806724345
10181,0.865271240106667
10750,0.722818993380811
9980,0.715077993943205
10788,0.768086447363405
10377,0.384752721521158
10010,0.775652387901772
10229,0.6465945233813
10735,0.734045272067071
10922,0.790888133575755
10494,0.757276849732095
10913,0.641666749563307
10927,0.284858575606408
10602,0.586142002256443
10599,0.369626771925325
10363,0.471309793373679
10335,0.44086070741112
10467,0.247256925848389
10817,0.500625916564712
10127,0.445763194457537
10117,0.799891335586258
10317,0.643802481040759
10227,0.601959926063312
10752,0.84591660579001
10074,0.801338396402231
10390,0.531044547942192
10325,0.880225210008433
10464,0.467628600422649
10550,0.782045979738645
10860,0.855929443908155
10885,0.826405123267842
10135,0.3304243538964
10681,0.734118382069457
10713,0.732806954983556
10013,0.86028291111805
10839,0.564307115342815
10042,0.352141967387357
10040,0.596478997948841
10802,0.439949849540378
10398,0.657113221575921
10051,0.846801557533218
10236,0.442320691852935
10546,0.680430851280166
10200,0.538325254971566
10238,0.809108586202215
10041,0.706705559084056
10546,0.680430851280166
10079,0.450796357672153
10822,0.702343047130152
10766,0.373734078641979
10811,0.605450386581763
10888,0.784803042158933
10255,0.727465879560905
10656,0.756218518758748
9907,0.84549892729332
10805,0.695210830618221
10853,0.587569701786922
10241,0.664464303372855
10622,0.809373260251105
10664,0.756436743922304
10580,0.786925016522564
10358,0.342618378673458
10379,0.708073719269699
10190,0.671047218557065
10568,0.671175203758126
10687,0.57541728397681
10883,0.773082691986402
10394,0.679827908454044
10539,0.619892629823239
10036,0.648966689200061
10225,0.768234347770422
10287,0.312061178602187
9978,0.663536748544342
10783,0.288576513614065
10694,0.680817412452723
10732,0.337330909682651
10784,0.600271363238178
9967,0.600559694946381
10256,0.484552987351924
10955,0.641180828265391
10932,0.591605020179713
10659,0.741051657487538
10601,0.284507064896165
9948,0.701075855776845
10355,0.645668789002751
10764,0.865137482790364
9938,0.353358478054545
10173,0.783225258329442
10374,0.594143873571621
10481,0.700003205255457
10145,0.761733447984379
10297,0.628076817482216
10240,0.195474962183717
10780,0.851158977903211
10015,0.757447857536766
9962,0.825613173953699
10796,0.869169266240134
10313,0.685881984446568
10940,0.760942632888404
10032,0.569417461055378
10949,0.706987087086686
10519,0.630195056411253
10443,0.568077795647106
10813,0.479598028271319
10468,0.869145077812493
9959,0.63992664480244
10049,0.460383973786397
10340,0.717746000839449
9900,0.729523956602304
10308,0.626254690742253
10139,0.735217017831957
10763,0.743509339286206
10562,0.369621550723237
10821,0.864686888595994
10338,0.436108064911939
10541,0.704961356753773
10325,0.880225210008433
10773,0.842170239406484
10556,0.893546810496266
10261,0.855803242534334
10008,0.711267109106999
10116,0.514031634667082
10688,0.575350486046243
10298,0.458308755146407
10354,0.607477924872424
10536,0.275352176168368
10594,0.537425308747695
10041,0.706705559084056
10673,0.191856541379437
10756,0.843544959143684
10438,0.311156325506036
10356,0.400133232329954
10069,0.786111098970604
10819,0.579097727525098
10691,0.705625165274958
10022,0.801615119669224
9918,0.752473278216504
10743,0.720186761886314
10158,0.913461462556057
10046,0.915935327916657
10841,0.234027734995279
10313,0.685881984446568
10290,0.839068329359669
10366,0.55287232231851
10660,0.633188054655782
9949,0.270667295604343
10872,0.536664951762278
10521,0.582773318197094
10494,0.757276849732095
10499,0.621221697493178
10323,0.769816192061176
10761,0.893337519756632
10861,0.333147372244571
10657,0.539333196931053
10574,0.58265660406859
10919,0.837242640966531
10678,0.778814664533009
10314,0.654194874915762
9903,0.604627052482668
10869,0.643799406524682
10540,0.583076476164505
10065,0.756310475715817
10478,0.623424792615483
10380,0.650130991953783
10879,0.67782888497234
10952,0.726705033379425
10630,0.719191832536953
10530,0.804077470393584
10203,0.251526202947624
10014,0.531139177701711
10934,0.755912951140878
10708,0.787104708880762
10605,0.368791843190663
10567,0.43664473705812
10889,0.653605729978665
10764,0.865137482790364
10432,0.74508107305308
9925,0.581790428708447
10190,0.671047218557065
10886,0.69926416322299
10001,0.599360239056994
9937,0.664066909329551
10218,0.755645287520295
10189,0.631208126619485
10814,0.30384121262637
10444,0.65892055809728
10951,0.696014072990313
10722,0.372835160236761
10473,0.508735976339559
10180,0.829225010586764
10068,0.781640436997379
10839,0.564307115342815
10882,0.66905579338773
10224,0.855935822224055
10384,0.789085544510688
10534,0.326904852745298
10647,0.684543118250548
10391,0.598296421127182
9906,0.587315097926269
10676,0.580307443528029
10560,0.735626729237485
10754,0.882253520097301
9976,0.583001005954095
8891,0.546897461000361
9710,0.664741645279513
9719,0.495321857242762
9528,0.776743933009777
8976,0.629481111008096
9195,0.572787473578198
9607,0.808530548933596
9800,0.464199500862582
9569,0.867944870733904
9091,0.78382996259427
9513,0.568771483306185
9132,0.413005669006408
9842,0.544455059152454
9004,0.603327240140189
9273,0.75145791002867
9100,0.535902908787172
8937,0.866336271024348
9707,0.659544453016665
9386,0.647965066993527
9533,0.340984645514813
9261,0.729491911427758
9722,0.314200545874636
9604,0.263287047962771
9198,0.828584867860695
9829,0.731750395892169
9508,0.578611207444664
8876,0.722328496126523
9454,0.727201575365346
9266,0.34318616480878
8917,0.668754912109345
9384,0.673564136809824
9836,0.572900454535171
9889,0.595073905694965
9411,0.825368536980574
9089,0.510422803545213
9641,0.644097592307775
9873,0.619555599954256
9697,0.819636519464335
9505,0.727487046426569
9329,0.632490417349135
9344,0.567629392052918
9226,0.653342007089769
9299,0.316334360035462
9675,0.319214074971019
9795,0.312573428213811
8987,0.756660479426041
9876,0.313362685423878
9837,0.494439071118392
9837,0.494439071118392
9193,0.317751840433572
9236,0.582933658700757
9813,0.672371597465507
8946,0.629904743072956
9858,0.480774126194313
9188,0.276016144082063
9380,0.574113694262823
9384,0.673564136809824
9561,0.402366448614797
9247,0.513807077132774
8989,0.734424603829808
9178,0.394422823227389
9471,0.652025126392397
8896,0.620412950788388
9703,0.753576151556769
9053,0.608024367112797
9613,0.455387681329042
8974,0.221231090973571
9164,0.580727255415898
9462,0.701305586144531
9094,0.603042425258265
9475,0.641264616491283
9323,0.795518531205008
9784,0.289631461287802
9848,0.463657330112708
9206,0.738532962350813
9151,0.747188600398475
9668,0.311368246948584
9287,0.686114753162326
9152,0.622002901830737
8935,0.311501768385982
8903,0.429704023424257
9524,0.619999657379824
9502,0.717797114758469
9742,0.573065856361915
9139,0.758349460725931
9770,0.303250297590908
9037,0.610013056319329
9623,0.568086394050673
9061,0.656423116210302
8870,0.302478595205342
9694,0.537030970221854
9514,0.757836861947508
9776,0.840820354699512
9863,0.762419308895319
9671,0.580271081066848
9192,0.716767642114104
9222,0.64131166858069
9396,0.320250006725331
8931,0.785131528041977
9027,0.910844053241035
9415,0.804133503272692
9574,0.347737063042453
9691,0.359000532153235
9200,0.816110012974926
9618,0.82716840872545
8896,0.620412950788388
9446,0.341533855042157
9183,0.59897744979972
9413,0.391169128112846
9732,0.51806772942825
9032,0.716072913568501
9194,0.57765794678108
9491,0.548848422354177
9585,0.713200248835823
9344,0.567629392052918
9642,0.825926552557263
9346,0.705561309323848
9322,0.476582390666954
9241,0.512254865172256
9186,0.399629516606753
8956,0.715073963799916
9127,0.443692470362864
9104,0.40787617743031
9601,0.557184194182956
9587,0.305038479631892
8974,0.221231090973571
9333,0.799783346076656
9414,0.752256768438284
9322,0.476582390666954
9206,0.738532962350813
9243,0.735991315025746
8852,0.724150278289607
9724,0.572081035018735
8913,0.294764751025726
9322,0.476582390666954
9620,0.781931397614484
9410,0.718170952050912
9238,0.866725196861558
9371,0.407536048749958
9589,0.401351518985368
8995,0.645576500661635
9768,0.349086131498412
9287,0.686114753162326
9727,0.809812968051014
9696,0.543486865933906
9547,0.59229588876608
9479,0.682968758330873
9450,0.383484790672451
8906,0.896097224900365
9235,0.413600172289578
9336,0.803827526996186
9730,0.550247712248114
9508,0.578611207444664
9520,0.318164318869087
9278,0.592880509466667
8948,0.888263586289178
9573,0.562080719440207
9849,0.713577833032325
9797,0.368507529440564
8865,0.748470681779076
8974,0.221231090973571
9230,0.654549779906938
9554,0.785398138555815
8844,0.806918305076505
9401,0.797422391630683
9686,0.568830469302224
9497,0.568074990457507
9081,0.386182830599324
9627,0.817275040402408
9146,0.664276833325302
9375,0.299177923594565
9856,0.615179640028586
8885,0.850319163918551
9512,0.36505517566665
9815,0.734369313613333
9532,0.411574572774117
8884,0.693281565817513
9497,0.568074990457507
9114,0.65232780982891
9098,0.628177755196618
9603,0.347025864255108
9870,0.549374065615788
8876,0.722328496126523
9158,0.220008943982318
9335,0.409606428461558
9827,0.731348917146981
9087,0.423403616258315
9023,0.32090502592309
9184,0.747226669714
9266,0.34318616480878
9807,0.300711866690405
8946,0.629904743072956
9452,0.765625838941899
9288,0.607991047563923
9662,0.669396460757469
9337,0.6144340022359
8953,0.827631868040568
9771,0.492473779235733
9013,0.852716395208536
9230,0.654549779906938
9040,0.743195342716898
9711,0.665175143556683
9239,0.760352175570095
9538,0.730758747172879
8979,0.766346102814814
9617,0.859519024290609
9021,0.422055841113889
8996,0.85836054311728
8984,0.800414190736548
9344,0.567629392052918
9817,0.596964899207302
9832,0.762570457921425
9472,0.61153868111901
9263,0.560804943086119
9571,0.846361410806852
8854,0.706514983018154
9731,0.351021427948153
9405,0.759536182831991
9219,0.538662331452557
9782,0.813467483128303
9508,0.578611207444664
9020,0.294476936588787
9729,0.629741853375424
9645,0.406172592894451
9469,0.506322860577266
9484,0.610566990822104
9254,0.410347753378926
9756,0.68137142897564
8981,0.899306512160097
9385,0.503121384277035
9095,0.745423837211676
9236,0.582933658700757
8876,0.722328496126523
8991,0.60261898278581
8889,0.798151981722773
9669,0.621057201407534
9139,0.758349460725931
9290,0.515799782265808
9727,0.809812968051014
9045,0.544985371231387
9287,0.686114753162326
9542,0.371450478265674
9141,0.692774329637061
9587,0.305038479631892
9832,0.762570457921425
9688,0.597922454575189
9485,0.72410296930553
9076,0.294750185818718
9425,0.856887546040512
9139,0.758349460725931
9752,0.77592513095602
9131,0.738262697107322
8866,0.766849760598714
9143,0.675618061115911
9169,0.751967993272632
9146,0.664276833325302
9667,0.263670172922845
9167,0.766756957010437
9307,0.56811570215343
9633,0.791012956505097
9625,0.761976049392092
9046,0.513103696564936
9452,0.765625838941899
9138,0.609921035212291
9310,0.555707954563296
9473,0.318319463778694
9538,0.730758747172879
9582,0.432377292284371
8871,0.312920427242459
9759,0.311949680144449
9149,0.371063786375766
9098,0.628177755196618
9455,0.696881846491715
9431,0.425310401861446
9610,0.299082286474005
9779,0.833066462291234
9793,0.467083644660245
9175,0.44094546007604
9841,0.468969309889086
7865,0.594244861724851
8711,0.874824789198191
8793,0.64817182842688
8322,0.427723094935336
8764,0.608372892005712
7929,0.68082179884512
8045,0.620929995421912
8305,0.753799876265864
8287,0.736838669807448
8245,0.46345171202475
7829,0.668257030541821
8470,0.89079326046767
8539,0.75551238309599
8158,0.554236834445762
8778,0.639907981309217
8566,0.783614138192161
7842,0.837693863279247
8804,0.655959554598913
8020,0.369955498065628
7826,0.243922226300025
8062,0.605689415082567
8829,0.710134569733508
8050,0.555389292814252
8039,0.337365511904137
7811,0.461318741578826
8065,0.229371973517806
8506,0.352453177970189
7823,0.809413570001639
7850,0.735916830387808
8200,0.794517318287686
8296,0.702992851994651
8445,0.471741056419926
8538,0.387408134902648
7864,0.661771511471067
8223,0.275344402520494
8787,0.653175811283013
8625,0.679407179048884
8024,0.717502458458037
8293,0.730724266770567
7802,0.434265374154324
8058,0.778736549889518
8256,0.346131176263085
8551,0.621463930274661
8796,0.755320799320174
8131,0.642217799040921
8756,0.678692593427998
8771,0.707422278796477
8709,0.656603537448097
8292,0.897108046572744
8591,0.539798206980372
8608,0.726507364368846
8485,0.26451072921569
8381,0.399783650553784
8127,0.620531167341104
7793,0.688359882485317
7852,0.780684799154909
7873,0.672732831560799
7802,0.434265374154324
8803,0.562936026730728
7908,0.738441870796418
8388,0.790991282564352
8823,0.381767043764089
7800,0.781134234570262
7955,0.805487016166278
8625,0.679407179048884
8560,0.488886333174974
8818,0.451739920616428
7983,0.68691810828599
8823,0.381767043764089
7849,0.823498981556497
7847,0.46817081831512
7958,0.601742541382503
7859,0.814695347023798
7829,0.668257030541821
8312,0.398083060955599
8581,0.907307039005219
8488,0.653655738842024
8824,0.573794001122482
7808,0.368200467311525
8227,0.374728925767969
7948,0.671487715119678
8506,0.352453177970189
8490,0.688822625095719
8668,0.160755607424946
8112,0.687023271067871
8753,0.675322209206868
8766,0.379769937393211
7827,0.343909532980984
8674,0.419222918675486
8604,0.829592053106505
8782,0.342060454418998
8077,0.794748499450744
8283,0.511706363187127
8210,0.736266835861405
8389,0.284149922054334
8701,0.376733210512586
8029,0.294270948848043
8058,0.778736549889518
8511,0.798154259070848
8529,0.283029462670309
8701,0.376733210512586
8243,0.802493155809511
8630,0.459156652985001
8096,0.712283966092554
7995,0.387479995764402
8689,0.890734868719886
7839,0.672144986714725
8190,0.541968854265756
8232,0.386416855127684
8192,0.681499425974418
8444,0.541011111752301
8527,0.717431600399237
8675,0.357861684087629
8585,0.790700896761415
7878,0.600832341495493
7966,0.588556234860896
8413,0.313353571580353
8634,0.83079927807188
8364,0.611162139327649
8047,0.597469894299047
8643,0.592226441916219
7976,0.796751155446786
8262,0.792547594514421
8839,0.604690683756306
8138,0.762367930513426
8213,0.662515107761185
7909,0.629400933413918
8387,0.65658143508695
8080,0.55994359943518
8023,0.670467137674123
8135,0.576746092523392
8643,0.592226441916219
8735,0.84878146297676
8490,0.688822625095719
8736,0.875243139227184
8305,0.753799876265864
8202,0.558261844362933
8802,0.658040484633312
7928,0.333481558423675
7850,0.735916830387808
7811,0.461318741578826
8371,0.384769069169366
8454,0.768342842969423
8805,0.695563900352691
7918,0.59645677379646
7940,0.798409302317822
8724,0.70082832392403
8166,0.711716790554484
7971,0.449923309667791
8239,0.656882023164697
8302,0.770544210129826
8098,0.449741934372614
8730,0.779457340372879
8775,0.835272661698956
7912,0.625407836924221
8815,0.601677586391617
8371,0.384769069169366
7984,0.674594056037746
8728,0.80097437191782
8516,0.419120302761585
8384,0.451891291471772
8056,0.258094381659736
7972,0.644578180863733
8040,0.480255734872899
8281,0.718356962744378
8428,0.352975964632085
8147,0.742478769204901
8677,0.706125303424753
7897,0.470074712781244
7824,0.453446980448516
8257,0.701899328818863
8324,0.704480731628452
8565,0.51029583036681
8394,0.563648538886572
8661,0.357016386984539
8262,0.792547594514421
7862,0.718048134291178
8706,0.810292210720226
8158,0.554236834445762
8614,0.79504849186341
8595,0.370585118169941
8062,0.605689415082567
7910,0.768069218394466
8038,0.264496640465634
7795,0.405559659640381
8821,0.724484603734036
7950,0.735372573673174
8560,0.488886333174974
7941,0.785624558736604
8488,0.653655738842024
8263,0.657064106678612
8041,0.415159493854105
8102,0.25579062948305
8431,0.63748165496248
8326,0.475144254100609
8214,0.586761551316227
8768,0.831046120540513
8665,0.486631155087208
8372,0.315892573716035
8731,0.508171637912582
8779,0.651840613634575
8252,0.250652632337435
8586,0.336628180425507
7926,0.598159052428108
7999,0.672263051723035
7934,0.632844968825143
8345,0.804225640576619
8731,0.508171637912582
7962,0.573997127529951
8156,0.748606097434596
8311,0.337363967888403
8066,0.350214959984785
8217,0.323562010662148
8626,0.236127112230718
8831,0.69346363434197
8266,0.697332866136962
8185,0.642464732749431
8597,0.356287672233673
8575,0.726055191096175
7932,0.80568160220442
8463,0.586350125925119
8147,0.742478769204901
8722,0.374040457065463
7857,0.802340665435451
7890,0.785178400627246
8607,0.665137353009517
8714,0.673757918582468
7931,0.643932556513763
8259,0.64545779550096
8608,0.726507364368846
8078,0.732587990967868
8740,0.811483509887818
8623,0.888683836334201
8193,0.700459455274339
7986,0.722040730399158
7793,0.688359882485317
8333,0.61555776820993
8143,0.814653132455201
8579,0.687195036323875
8228,0.526657753293392
8631,0.759745141313055
7813,0.387291759209365
8121,0.470739228001367
8798,0.811607196358812
8085,0.591070257619521
8105,0.638460508415935
8348,0.350780278794312
7816,0.565108697272855
8392,0.730296285998817
8498,0.656524239339226
8225,0.616568240551272
7883,0.403809957844446
8573,0.653362004852029
8720,0.260735409008567
8196,0.454874290117005
8407,0.401774534296597
8000,0.707414469711637
8049,0.225871443524924
8713,0.802928439580746
8457,0.364968704034354
8807,0.703525006229023
8700,0.618615533430571
8350,0.823161524114503
8587,0.728531952284068
8379,0.843145491049544
8010,0.265714656343468
8140,0.648877940072564
7892,0.57224610292098
7898,0.57518553248319
8335,0.659444760444769
8658,0.403897726822125
8148,0.507464857679596
8643,0.592226441916219
8115,0.816562171567529
8697,0.228289692398799
8372,0.315892573716035
7798,0.617368030190332
8369,0.337896901053072
8678,0.545824815504413
7354,0.504772912301623
7187,0.563992915899993
7547,0.597255383235264
7182,0.631386865204384
7580,0.779916473386614
7020,0.765988624738501
7601,0.266086325024636
7336,0.648337460924485
7630,0.570808405801112
7565,0.759343502396385
7687,0.874636001826324
7156,0.78313273808142
7297,0.610227294597687
7151,0.409792377412315
7200,0.539062107202653
7650,0.247587725105895
7019,0.65614997155608
7261,0.59360525862268
7264,0.456469824581092
7239,0.709396524980774
7074,0.579353103741888
7143,0.675818123618307
7471,0.50740597807712
7606,0.757247828711248
7276,0.593485827312266
7058,0.82729279144583
7163,0.313649861182352
7592,0.780525839576756
7062,0.591915147620175
7578,0.671133600765389
7357,0.547928482395636
7190,0.68086835875054
7151,0.409792377412315
7587,0.409505807625406
7011,0.875503162721885
7616,0.29251495992479
6991,0.784539681119389
7512,0.392183089593264
7635,0.671468015791631
7732,0.479346499156281
7125,0.477922166804416
6945,0.655712818615851
7106,0.713925034869935
7025,0.869556293923106
7240,0.711905444724113
6994,0.432509606922391
7152,0.393368484755438
7384,0.683696019960574
7191,0.674134267853973
7692,0.43403063723793
7231,0.684695479834177
7700,0.727329970965585
7770,0.715289792021123
7480,0.781543787262735
7036,0.855735848239678
7578,0.671133600765389
7540,0.569535028912045
7277,0.440683090164027
7291,0.72357555774704
7471,0.50740597807712
6987,0.621333457648796
7443,0.851932344367979
7558,0.672870984829547
7103,0.874297139233548
6960,0.632315788098475
7232,0.470848135484611
7200,0.539062107202653
7736,0.670284748315499
7233,0.598714736542069
7659,0.387374961641109
7065,0.411859483112966
7045,0.751367040705365
7411,0.716216194500241
6940,0.763055912468257
6978,0.300562446538376
7540,0.569535028912045
7667,0.844174774639357
7087,0.833793128131815
7430,0.660113508284745
7790,0.623688761469966
7679,0.65912034731168
7570,0.748736754630945
7506,0.709147105981152
7098,0.756004001749781
6962,0.62806981410874
7213,0.547014931890834
7505,0.570197894823991
7658,0.408227683577464
7449,0.581934944970948
7471,0.50740597807712
7588,0.795150768438418
7473,0.351842581318859
7595,0.625473016724719
7272,0.796799906638485
7449,0.581934944970948
7024,0.687795699711536
7495,0.781647841009407
7721,0.675129486882501
7138,0.420698409044477
7245,0.402408841306644
7656,0.603974253549252
7682,0.448547999402685
6957,0.292216798885901
7378,0.713465560840108
6949,0.794335167056945
7359,0.729829927006037
7000,0.608854958142998
7407,0.633012675234686
7550,0.681811971827141
7193,0.607282156077222
7029,0.646643935084571
6987,0.621333457648796
7192,0.9099998950686
7687,0.874636001826324
7329,0.479732759353882
7180,0.636184228067997
7162,0.527477059444382
7214,0.737910696490401
6940,0.763055912468257
6954,0.54974580087774
7593,0.455849670746326
7231,0.684695479834177
7276,0.593485827312266
7230,0.712317817361586
7453,0.596286646664836
7226,0.390808247752069
7298,0.638056170996208
7686,0.802700913824072
7147,0.689924516168438
7649,0.400879118436941
7328,0.748354596036745
7645,0.615759017979493
7516,0.71927211526957
7487,0.61120226612197
6974,0.731611426612931
7027,0.73309111165318
7775,0.748530816130517
7491,0.574358723022245
7598,0.792336834012102
7224,0.575911133040699
7061,0.629126083475633
7201,0.76397464447997
7297,0.610227294597687
7603,0.654905897140462
6984,0.60329217818856
7007,0.809257933610926
7480,0.781543787262735
7677,0.635206316818451
7457,0.410590291687581
7092,0.330797701708244
7214,0.737910696490401
7295,0.887601263678719
7756,0.821344661738764
6969,0.71286197728417
7145,0.695866664133438
7099,0.810116233221102
7206,0.39682943641222
7664,0.570478126604278
7553,0.482012322880685
7417,0.684068592720905
7414,0.631383898012368
7724,0.679073606984412
7714,0.553206232171313
7440,0.711763383599999
7599,0.78053167874409
6935,0.272132898124901
7791,0.627855757092985
7190,0.68086835875054
7459,0.663533067808695
7769,0.748326163551958
7110,0.847987537361306
7107,0.818091151211912
7411,0.716216194500241
7273,0.750306022638999
7196,0.75151548868167
6966,0.3774755804915
7569,0.763922780926257
7495,0.781647841009407
7267,0.220015168596254
6948,0.674893712567509
7287,0.40015486699402
7190,0.68086835875054
7276,0.593485827312266
7208,0.442811547556286
6941,0.702884779655377
7293,0.456928000695688
7039,0.577071767209648
7073,0.744222595259169
7615,0.475279542124866
7609,0.643575257554605
7646,0.712687803888881
6980,0.745980279657677
7285,0.800075957043638
7344,0.781269116132805
7231,0.684695479834177
6929,0.383974330577531
7684,0.740128250440695
7767,0.348890568789431
7390,0.427535721870913
7408,0.518168723433768
7469,0.645782522303196
7022,0.628283564507989
7634,0.600818951632879
7450,0.537287823763203
7729,0.642221969588841
7361,0.809658889812105
6996,0.400807683324827
7501,0.765654425314435
7746,0.614658226125499
7064,0.805409962935182
7403,0.636479702575028
7039,0.577071767209648
6976,0.870478257109691
6953,0.535893018383787
7504,0.69758475676685
7181,0.695136513939671
7528,0.746310604376223
6987,0.621333457648796
7264,0.456469824581092
7438,0.538030754535633
7334,0.705555972101782
7281,0.51628109018873
7542,0.299831007041867
7595,0.625473016724719
7112,0.706005273571574
7008,0.738816353083574
7043,0.648976421153594
7519,0.542534815317066
7009,0.617990152823283
7121,0.618905005275396
7037,0.452571972696022
6973,0.563334106286887
7082,0.73329720752487
7406,0.667057899785607
7356,0.545349329362693
7614,0.843917219524594
7040,0.799138947207786
7022,0.628283564507989
7717,0.774849088779938
7079,0.265813258303269
7296,0.523502809183867
7310,0.372823555753686
7755,0.679105364004689
7030,0.382261891233739
7535,0.682064796917064
7493,0.612633511514096
7523,0.616843204199532
7001,0.791905818565191
7697,0.631649047186651
7308,0.809395461646141
7127,0.815258434022803
7289,0.441569241929542
7155,0.332481317377287
7019,0.65614997155608
7634,0.600818951632879
7140,0.679359329050042
7005,0.703949143757956
7090,0.754577526221949
7617,0.816698810271055
7465,0.790640573115098
7432,0.678098849217182
7589,0.766359271323142
7622,0.632534864169307
7621,0.444209004846098
7303,0.839843672622973
7662,0.688873700632559
7332,0.354822163525932
7699,0.850270979079264
7578,0.671133600765389
6942,0.428188509982483
7133,0.781805863262915
7634,0.600818951632879
7485,0.567856080022206
7358,0.405934065887876
7774,0.674425980133964
7727,0.745779323884638
7080,0.268255274824589
6934,0.728711839786035
7529,0.767585854958049
6607,0.454311076003904
6114,0.898919953557941
6633,0.742659030687717
6767,0.702631524178868
6222,0.537125831258898
6604,0.467516981382884
6063,0.772680670046686
6521,0.38797596707941
6885,0.468979009073677
6220,0.713259539108775
6310,0.713108285764565
6700,0.847723830756707
6345,0.71422507729827
5854,0.342240816446585
5938,0.475603712614101
5973,0.677398958700758
5891,0.59708350828391
6245,0.74684506999907
5868,0.588278029567176
6416,0.533712108165745
6171,0.629492774464587
6392,0.805780481428035
6803,0.475110024136658
6223,0.504540644396366
6853,0.869332799338823
6221,0.266462725461381
6830,0.705163626027172
6547,0.391976004545463
6786,0.461193780093518
6076,0.406138849676133
6243,0.703694647303746
5811,0.634129216602443
5915,0.550768282480735
6916,0.607028452131705
6204,0.650462951083472
6677,0.776243738259205
5802,0.391468608374055
6710,0.557745968514346
6207,0.707408477431421
6219,0.378486490222836
6902,0.653959134905802
6312,0.832870555028496
6394,0.796185038699435
6811,0.776334640183696
6733,0.575073417190223
6081,0.384609630564231
6545,0.740187939187802
6280,0.360756695500279
6031,0.858970869048035
6541,0.674293280565159
6832,0.674263137794075
6079,0.368159240123835
6301,0.699692593041688
6147,0.224955440152319
5971,0.528741405888222
6570,0.669153082703323
6363,0.504460155879336
6047,0.366696089062625
5867,0.371654453043708
6523,0.729590168340442
6665,0.909295285127115
5918,0.808292079223712
6540,0.607420926410331
5818,0.677320360718435
6184,0.36815618025236
6583,0.891952976826183
6134,0.759934626351353
6273,0.618376655162577
6678,0.596879529592254
6154,0.799221043391532
5946,0.729853563869593
6121,0.470372652267856
5965,0.437014454867413
6688,0.764133538473655
6503,0.659191752173888
5941,0.604608853716312
6146,0.492307360098759
6678,0.596879529592254
6560,0.351292877820689
5950,0.438750723866627
6898,0.660690923091426
6268,0.556911429131755
6729,0.715977046176447
6237,0.366567448724685
6526,0.448209278827814
6556,0.54699085809037
5806,0.341664824354002
5835,0.55305573069319
5890,0.424154311397444
6218,0.673716693615492
6740,0.590828165751225
6263,0.731494640868087
6594,0.612297846757259
6883,0.44393366488737
5967,0.807158374218754
6706,0.634229537959814
5887,0.597648871489749
5962,0.644781323701274
6681,0.823722920888629
6449,0.378540413685235
6011,0.748372335076439
6499,0.818320885797493
6799,0.727002698974692
6715,0.722450832726963
6794,0.401043223867213
6277,0.749373808757545
5868,0.588278029567176
6704,0.534797827094563
6001,0.558799632510003
6348,0.468245920408442
5904,0.375204021042711
6197,0.810727000200938
6573,0.371855612683614
6518,0.735505749335572
5894,0.716444719390131
6425,0.348987803468715
5817,0.753865288664484
6466,0.677438663761708
6802,0.578512490651046
6871,0.263470901833391
6823,0.402910624638393
6829,0.887624030616198
6616,0.663545030114687
6214,0.599315997425102
6056,0.407653487055096
6226,0.362326050968781
6302,0.726407177812459
6672,0.726473283899463
6546,0.699948393038787
6790,0.883441339099978
6828,0.710807745231926
6648,0.637963546682141
6256,0.838119799768427
6664,0.162027965001661
6377,0.592357391011853
6771,0.304773792865006
6538,0.794460554935765
6087,0.32121080536806
6549,0.663434828143204
5868,0.588278029567176
6707,0.455984956919449
5929,0.438795986251591
6356,0.602358346969981
6400,0.789369288366127
5928,0.40446340800549
6307,0.686648971722697
6169,0.458635837437495
5797,0.444082713217636
5844,0.665764212729719
6681,0.823722920888629
6628,0.818752073630351
6212,0.887434296645237
6719,0.336667316935353
6865,0.597873815868488
6271,0.435733898562236
6452,0.596266760624186
5955,0.628085102864422
5889,0.710180252996676
6659,0.668734637414555
6034,0.691162639839282
6347,0.716777948538184
6646,0.831259708877463
6148,0.332670863209383
6763,0.389002830448698
6662,0.543902317627071
6901,0.251857251141585
6016,0.420941946285799
6561,0.735969156017521
6822,0.368236377527517
5838,0.706334916723527
5990,0.809138222313538
6643,0.886870173291491
6439,0.714267829201364
6657,0.565652228285867
6603,0.459648845729464
6155,0.645781742709625
5882,0.728860953366675
6359,0.802834872631869
6438,0.344202608233147
6608,0.68140368972181
6911,0.664218174023623
6759,0.34814668153031
6534,0.536568817513545
5924,0.601293589981359
6003,0.725889933622854
6629,0.509039320904399
6250,0.546160119016491
6859,0.266225682923278
6769,0.755683492540911
6601,0.56956135267614
6347,0.716777948538184
6393,0.561690146030211
6572,0.389564133270973
6224,0.686588282039916
6185,0.329209457445684
6344,0.530479383727941
5940,0.476138347071982
6580,0.613314821883161
6275,0.644392525680224
5930,0.570096979383203
5900,0.663566913724137
5901,0.72332701727203
5798,0.601813230293705
6026,0.477999494453452
6791,0.353883336964392
5868,0.588278029567176
5926,0.593236473848981
5840,0.329560814241845
5828,0.55712702109232
6674,0.743344852197388
6606,0.893334398922468
5963,0.567827167688091
6269,0.769989073956263
6094,0.520281056499581
6058,0.273974406875101
5916,0.380688807615378
6207,0.707408477431421
6459,0.676055295640336
6120,0.613018086948993
6464,0.753945939748247
6925,0.501475884314347
6638,0.544443029867132
6525,0.425794702334323
6106,0.319551366793856
6847,0.721726437358479
6644,0.397014796947867
6397,0.693516910874901
6318,0.502180970063994
6521,0.38797596707941
5884,0.623042011805219
6501,0.534120690130969
6626,0.390615577652059
5802,0.391468608374055
6752,0.745820582359352
6181,0.625588409421728
6538,0.794460554935765
6712,0.244132138850651
6927,0.712861328288548
6536,0.667837329516195
5875,0.706416475425918
5835,0.55305573069319
6277,0.749373808757545
5840,0.329560814241845
6730,0.713953916833923
6436,0.369428069191847
5827,0.59993753579706
6198,0.789379782011854
6502,0.76630922096755
6765,0.695217185686329
6154,0.799221043391532
6365,0.711020684092048
6120,0.613018086948993
6288,0.84265392271785
6036,0.72884943414394
6324,0.698103260596096
6637,0.303179973748829
6318,0.502180970063994
5849,0.779095129091313
5888,0.551808407167207
6105,0.342478463928648
6841,0.248126118575711
6450,0.439486860588457
5868,0.588278029567176
6357,0.610712781689818
6248,0.384505304498976
6041,0.652712703157457
6064,0.539031644859564
6232,0.848411615322915
6676,0.757581429532863
6867,0.568890660413051
6569,0.233182929796174
6666,0.73846474518749
6057,0.730025896315434
6286,0.706687107456052
6322,0.510506333737235
6029,0.689269715679296
6599,0.245089996906567
6602,0.192544610019637
6689,0.544617354470775
4709,0.593426463290114
5344,0.397828700597729
5445,0.618892967837068
4765,0.736846126717293
5668,0.199842280527131
4782,0.468047820342615
4734,0.679085535644699
5762,0.604029230985563
5350,0.418700804006128
4610,0.31292811689586
5588,0.854505717638344
5782,0.733633305182962
5636,0.83434678244265
5070,0.718296771843314
5717,0.726350881725102
4979,0.582280552229249
5751,0.741649312715404
5269,0.904321314408263
5289,0.324611984747623
5578,0.297361924654448
4824,0.565265233124127
5335,0.831062945740409
4854,0.269408513958178
4618,0.837856292361529
5494,0.825835130727995
5354,0.561117927821721
4656,0.550096737138909
5398,0.53588784091959
5417,0.74939499750598
5479,0.646218224300937
4735,0.259113886014596
5791,0.683054357466128
4798,0.764163492711885
4596,0.407033096329582
5347,0.406973992598871
5033,0.743417295238394
4913,0.728668566506152
4791,0.39203775505208
4826,0.456671106717018
4846,0.718381992169298
4886,0.401016189223904
4786,0.730522155665792
5680,0.602790046237731
4994,0.758886386228892
4689,0.402454875587289
5037,0.473647277138131
5234,0.476704457080511
5518,0.251829540125578
4964,0.634687814137595
5573,0.61793043437063
5757,0.720307487851579
4836,0.849157045649306
5106,0.669846994465874
5035,0.566136914884245
5721,0.670917386451015
5345,0.602434655541333
5535,0.734842284776096
5667,0.272689203886906
5771,0.671030630471864
5149,0.369673893616556
5409,0.759732736963812
4642,0.850539656332853
5473,0.405243047604215
5282,0.467899951413696
5184,0.694269127804036
5120,0.781982132423741
5773,0.756712464220719
5710,0.724473627680978
5734,0.571836706015764
5329,0.17755661997687
5086,0.381368141033246
4894,0.45891300445829
4681,0.738075396310025
4968,0.65881695260716
5624,0.407549115753224
4940,0.786000189479117
5055,0.420546162933721
5256,0.595563090947053
5281,0.582514061755869
5249,0.228017101904597
4836,0.849157045649306
5753,0.709381000158478
4630,0.463692437942158
5312,0.340172314574396
5092,0.863815168644388
4997,0.679993495128685
5478,0.684719542655907
4783,0.634622255932374
5157,0.210626453823096
5434,0.692366823099102
5176,0.815127309000181
5134,0.64892138816765
5264,0.716443185065777
5247,0.70403212603043
5340,0.402949109591971
5575,0.8569270318655
5042,0.323603554717166
5683,0.390890906761037
5022,0.602809451000365
4778,0.387923086854756
4847,0.354730770572644
5790,0.651405474142603
4682,0.392580482084978
4805,0.365642855663774
4673,0.692307699767247
5280,0.527162731207024
4829,0.72955660276784
5258,0.463885232006304
4844,0.583545374560371
5032,0.672000490987292
4982,0.662449945965256
5626,0.175820073055757
4712,0.219199359257608
4873,0.645883780085468
4797,0.453519946022787
5430,0.585999497229194
5639,0.295311283915876
5146,0.761249912234098
5318,0.210405982524215
5789,0.649448124625003
5777,0.659467919754037
5582,0.583257277464542
5140,0.744985456546464
4607,0.797993501050026
4785,0.80850478344453
4917,0.456754801457321
5743,0.561145136631948
5778,0.410690935793082
4983,0.872689370436684
5235,0.40157653173634
5186,0.21276038006375
5729,0.432514109004038
5134,0.64892138816765
4733,0.647607400128213
5661,0.889140007080653
5416,0.382464740406406
4993,0.50242971020267
4751,0.709068968677978
5737,0.649790922803287
5769,0.376826384604225
4646,0.604837530626064
5248,0.796436998549991
4761,0.688353032919035
5434,0.692366823099102
5688,0.840386923591713
4778,0.387923086854756
5276,0.478226535231288
5184,0.694269127804036
5491,0.327171349607144
4939,0.609886807549841
5233,0.69304452035324
4667,0.637215460295373
5219,0.577201760625282
5208,0.777801573278432
5067,0.353642432216074
5643,0.712837054642788
5371,0.726349760160466
4868,0.576771461389103
5598,0.568742563220533
5050,0.851859149426126
5481,0.758146766910125
5414,0.704407188907019
5041,0.292860573465661
5150,0.75776903750107
5181,0.683032887258667
5648,0.619089388078464
4667,0.637215460295373
5426,0.28546824751026
5537,0.802667185053067
5662,0.374246348629121
5636,0.83434678244265
5739,0.730207024078231
4658,0.822512538873156
4724,0.316123594405848
5126,0.729732147617489
5309,0.735037910878801
4790,0.4421999914041
4777,0.610786397337367
4709,0.593426463290114
4754,0.554003552284954
5511,0.664306000619225
5046,0.34502895979025
5535,0.734842284776096
5474,0.693581166855971
5638,0.682274856919538
5273,0.347243258852721
5333,0.683175044999942
5438,0.89798545795218
4623,0.552076190286227
5466,0.347909068231865
5326,0.708036450938035
5050,0.851859149426126
4845,0.67134891581731
4595,0.359612785585476
5040,0.722276332455034
5048,0.708050545579857
5225,0.786474071269075
5636,0.83434678244265
5151,0.601045192183193
5146,0.761249912234098
5424,0.602580760942106
4681,0.738075396310025
4854,0.269408513958178
5758,0.650109622710667
5725,0.663055174713932
4770,0.59543876110342
5196,0.796887927716982
5103,0.707368454778319
5444,0.608894563540844
5383,0.436936607414452
4950,0.703408145324815
5439,0.630412188215259
4848,0.654034797870323
5215,0.729836779759412
4750,0.650677474624717
4768,0.651167772467805
4823,0.224010336241429
5419,0.597860868410452
4992,0.394935410177023
5544,0.339736426068815
4713,0.78185195034658
5621,0.658625195133325
5380,0.835726647991178
4907,0.322578163662177
5710,0.724473627680978
5303,0.660271006236517
5664,0.904102866660242
5508,0.641070105869587
4667,0.637215460295373
5060,0.383671876112033
5509,0.882044109545624
5714,0.664812189656949
4899,0.804941880287655
5197,0.692425906603465
5489,0.86956160134644
5050,0.851859149426126
4932,0.622967718330268
5175,0.678342845979989
5018,0.529473005215786
5446,0.855747726634001
4744,0.890301747868995
5270,0.81622731335008
4585,0.681142308550849
4912,0.633698363294754
5562,0.791080081284043
4597,0.616885878917177
4669,0.8852202326981
4805,0.365642855663774
5605,0.783255845692102
5095,0.730472982566016
5760,0.75384324781873
4591,0.782958065402525
4876,0.612632865854497
5593,0.391427385046905
5362,0.684128909056591
4657,0.423086577187549
5415,0.683907310342412
4710,0.786726402294243
5004,0.693588456197013
5533,0.659317879899435
5152,0.301324601313588
4599,0.744984484385584
5566,0.670788217187109
5682,0.158031546170655
4668,0.752663604935974
4954,0.773798430003219
5074,0.628284964867364
5275,0.870830801767902
5385,0.864471961217032
5409,0.759732736963812
4667,0.637215460295373
4755,0.882691614748236
4624,0.578367066057925
4825,0.472523645791897
5504,0.817586873223998
5616,0.791214993036783
4812,0.837262721927277
4753,0.712388482997558
4736,0.640248495344601
4134,0.455777715863405
3917,0.780403075981674
4192,0.857617865507577
3664,0.286876605305343
4553,0.600151932253486
3662,0.627749229668614
3967,0.700945705901324
3388,0.52574514806403
4171,0.671697322432347
3525,0.827683139748707
3970,0.699678016186761
4330,0.2834180683261
3692,0.561531995730136
4182,0.54137514619274
4290,0.375523510743802
3626,0.3831793657168
4166,0.502615925743463
4561,0.442284200891613
3996,0.316406114026229
4487,0.669801116693737
3555,0.275119445139416
3584,0.770754540693674
3908,0.752095301720815
3878,0.577961189022937
4295,0.823027419748047
3289,0.700260314151785
4256,0.742946480522112
4357,0.465410409332888
3690,0.53444669133383
4200,0.618862787763177
3610,0.810535156736133
3682,0.586237655843163
4542,0.355603434489327
3829,0.84011598080648
4378,0.750056481424519
3967,0.700945705901324
3982,0.473549789377436
4367,0.336717919208717
3771,0.64141874869275
3500,0.706696310919916
3530,0.554827516868512
4378,0.750056481424519
3714,0.470938534352421
4275,0.800483292014216
3375,0.59184416792515
3594,0.181299697796412
3595,0.736116644042647
3777,0.597285635256123
4393,0.564940355912953
4510,0.548951942348757
4385,0.200182630387413
3840,0.187304484134843
3531,0.445365881587365
3389,0.656301532501239
4020,0.463555045954695
3376,0.838205931859767
3952,0.712924047164449
3880,0.72978280474203
3349,0.670063466112093
4032,0.607415972540474
4285,0.711151941674568
4037,0.621411280537861
3324,0.43390449089998
3784,0.357496857131385
3421,0.692435625516874
3318,0.710013141049524
4343,0.737450901358548
3695,0.721081162974003
3656,0.350142733612286
4319,0.453287042581217
3806,0.845190293189916
3302,0.647413963371957
3355,0.622934567888325
4199,0.311526410283684
3380,0.742562520546867
4548,0.699702272568505
4079,0.496633705109977
3801,0.792366811776772
3824,0.810662981840897
3386,0.741769320553051
3632,0.67942159114466
4276,0.837195683082874
3399,0.718140886511018
3631,0.56705034205689
3458,0.663820403364167
4108,0.349684421080219
4497,0.667348560616095
3549,0.1497534015928
3745,0.59357845986374
3433,0.333086638267171
4257,0.545902678307455
3369,0.765796674676388
4517,0.722857102738739
3441,0.865456819731924
4247,0.741542163921186
3730,0.330280622257032
4042,0.624588513420763
4416,0.549526511548559
3416,0.327021702697149
4167,0.859094880799241
3480,0.629126765785116
3607,0.221557337260797
4239,0.386321128871263
4013,0.647826387846365
3404,0.799188796056191
3483,0.681180319569804
4143,0.305193069340914
3614,0.334847152399907
3648,0.791137005487377
3969,0.335937737872224
3707,0.778762736183359
4499,0.361760323448162
4520,0.383224383816468
4002,0.765298075581655
4536,0.711986214627965
3941,0.838337252307672
4272,0.356970773200035
4532,0.382108624301553
4104,0.368509334325206
4562,0.784727747939425
3781,0.349501813454308
4371,0.611676928499536
4265,0.806024340813184
3352,0.645839061158536
4436,0.689381023865961
3888,0.597184453732617
3885,0.754307992390492
4542,0.355603434489327
4106,0.465171523103723
3945,0.443573232657563
4017,0.321775534946247
3658,0.282798595930465
3485,0.298342752419944
4305,0.629669169759649
3502,0.751541675900314
3986,0.606455565958765
4450,0.817081510287767
3924,0.759288821628946
4260,0.228465304984807
4064,0.835944065560454
4211,0.82542888450964
3329,0.317212771845819
3952,0.712924047164449
3430,0.573402712761605
4103,0.788079880437357
4378,0.750056481424519
4480,0.169704319167358
3967,0.700945705901324
3900,0.781572818806381
4068,0.865542177526934
3982,0.473549789377436
3381,0.69734284050378
3473,0.707770674972767
4452,0.619320223862244
4461,0.874060964098039
3635,0.866274074728407
4224,0.723180398424035
4098,0.604516638508795
3762,0.570481984477857
3756,0.417215986501178
4337,0.435103429797772
4259,0.856180770692067
3600,0.564653444253021
3503,0.761511362533771
4413,0.750260498359355
4274,0.833020385679143
3694,0.584957045575954
4279,0.453974471338223
3302,0.647413963371957
3539,0.619411526148539
4359,0.890897718910561
3344,0.612675779582099
4307,0.777569603265402
4050,0.676657900667818
3545,0.263722185701433
3302,0.647413963371957
3380,0.742562520546867
4573,0.549806256241421
3328,0.471552835931619
4190,0.641491579240356
3745,0.59357845986374
4199,0.311526410283684
4450,0.817081510287767
3712,0.809659583667124
4552,0.557817844942932
4408,0.793220769331404
3940,0.906302987155216
3798,0.623304430674991
4221,0.861041276637207
4511,0.750464141864853
3526,0.717808406437553
3688,0.59319016542283
3809,0.795010461876402
3406,0.737840025108352
3976,0.237901842060542
3403,0.272093221958931
4391,0.842303837269289
3953,0.881936619886765
4509,0.636792770877686
3881,0.224423858167834
3351,0.257226513921955
4572,0.557704135006064
3327,0.591190990323405
4466,0.589696491844151
4098,0.604516638508795
3789,0.829538495502542
3831,0.80115779285199
3720,0.54718553798182
4179,0.854592852932357
4544,0.778128354217186
3792,0.413363551390832
3601,0.409983073853049
4028,0.503500758649182
4146,0.504715519307084
3954,0.740961262192725
3702,0.817587205034513
3866,0.75311464841365
3454,0.848525019243247
3591,0.875165042551089
4569,0.804259933356507
4305,0.629669169759649
3920,0.889500270921697
3673,0.637122930338731
4545,0.69313910182146
4131,0.597243488263506
3919,0.269616240019406
3922,0.744257499467659
3998,0.664493863937013
4373,0.600722916452992
4152,0.22046480276702
4508,0.807394490610578
3462,0.799820410559146
3697,0.571725423969794
4313,0.385379289018172
3843,0.286455473752054
3319,0.79095654502977
3790,0.690659423652622
4535,0.557639584901637
3308,0.577634865331457
4262,0.572457218256122
4496,0.778032825524093
4538,0.759361990242008
4246,0.762280792107737
3425,0.639044315087352
3534,0.868865312718983
4052,0.297125826164929
4004,0.545923492101739
3388,0.52574514806403
3948,0.676548020780654
4338,0.565484188930766
3429,0.629370986709215
3867,0.627392399569965
4322,0.676258866559266
3774,0.934096797088505
3729,0.824726697141408
4562,0.784727747939425
3916,0.629724171143818
4509,0.636792770877686
4008,0.566444324133942
4576,0.75853598702301
3465,0.337812934973139
3834,0.311107184849717
4517,0.722857102738739
4041,0.46734781838661
3814,0.840431420616481
3517,0.398940765952491
4071,0.672358302305341
3652,0.664061415677155
3867,0.627392399569965
3933,0.91106883888344
4118,0.634280912493242
3332,0.522918038932458
3972,0.25127815427469
3474,0.778037657215308
4055,0.508326261457965
3577,0.126787989833616
4528,0.594193943418035
4061,0.296347159410907
4100,0.823120819806222
2219,0.89924489382577
2278,0.13449236870095
2175,0.453264270265859
2411,0.740628215177517
2854,0.70887074789518
2589,0.694844365099012
2286,0.303785277956314
2063,0.727504403545493
3093,0.201117347882571
2591,0.631046481769123
2055,0.433485215009473
2423,0.888690470644481
2448,0.431767595135935
2303,0.752389394835332
2266,0.65694003169021
2371,0.899188347058853
2384,0.733620515287044
3150,0.894286716531827
2982,0.618158554439764
2130,0.857342762485377
2974,0.405605740273098
2529,0.276030279445256
2284,0.446049658554493
2005,0.810681994629658
2036,0.451269322989248
2320,0.84562616747738
2282,0.463698870431352
2387,0.741390567625758
3164,0.75474623074042
3204,0.848147704126677
2624,0.840684630204023
2214,0.8180178893236
2240,0.496067081247348
2241,0.494432131501773
2637,0.593706409131213
2101,0.479728114301244
3009,0.501285402001906
2723,0.799978736667466
3231,0.426628360540812
3114,0.714603580696133
2894,0.499566164800321
2144,0.725027693028221
2202,0.386057637145058
2421,0.301758076123101
3247,0.693637090808254
3159,0.843890388708398
2676,0.691514101977672
2312,0.61561213830984
3165,0.254252999529098
2951,0.749736377273518
3141,0.352995301842827
2820,0.788188214741812
2021,0.778972851952454
2120,0.392556035485964
3201,0.801261952269892
3119,0.709996733873219
2570,0.39922690202278
2989,0.501682319607747
2251,0.416150350787392
2387,0.741390567625758
2661,0.671892001007736
2229,0.577757181451348
2664,0.557890240435456
2430,0.729245474126504
2633,0.79752952861331
2990,0.842854245322271
2549,0.445798076158454
2355,0.864462495069419
3253,0.752995154081744
2035,0.385880661241971
3058,0.245411252383428
2550,0.412846700706473
2787,0.655626336233897
2968,0.890693172573592
2348,0.594233228290312
2149,0.751258044082119
3112,0.80920447402692
2500,0.304135556606239
2936,0.630101744158151
2133,0.360498111538503
2414,0.45830296301131
2675,0.759712899734859
2383,0.564161336980627
2550,0.412846700706473
2494,0.77393768067801
2596,0.71671382838415
2537,0.278900113702614
2327,0.632245605114901
2804,0.638442486155161
2291,0.586573579905951
2999,0.609038152685421
2993,0.229375668100438
2721,0.536444765120112
2662,0.882844719293971
2055,0.433485215009473
2519,0.88354034285042
2785,0.516864640227122
1996,0.734480533221126
3062,0.260329108623616
2121,0.638024353140838
2115,0.365622800697476
2950,0.85194126194905
2033,0.31540651341901
2412,0.299544781285151
2957,0.547035700915622
2134,0.792615392417679
3279,0.28900250517873
2397,0.582784162504173
2846,0.417205334743284
2426,0.308541785920376
2490,0.823431508435602
2372,0.467153306332086
3164,0.75474623074042
2837,0.698781144384728
3074,0.343163504523923
3134,0.442892945609754
2899,0.852253530844912
3012,0.277539306339876
2965,0.7539630598908
3078,0.619077669609451
3002,0.768459096228958
2442,0.448012633205264
3050,0.860809496172754
2964,0.822196711333864
2213,0.4753856061231
2193,0.476630244264344
3135,0.915569993881149
2531,0.754888334874423
2093,0.3368457100864
3186,0.701698795581223
2015,0.846297181072097
2589,0.694844365099012
2508,0.373590453707613
2451,0.588841308313876
2879,0.544133148020961
2333,0.869282308878049
2783,0.677030052747272
2930,0.856606019161576
2860,0.437124061614738
3173,0.654596758868841
2644,0.357378609801592
2786,0.238250291360518
2325,0.624122596136706
2467,0.636099540913095
3248,0.719860379231159
3244,0.783565208950202
3144,0.166670835314338
2256,0.63953430261615
2462,0.569057632630881
2868,0.785758977664835
2816,0.84358903633496
2392,0.192997578676749
2816,0.84358903633496
2178,0.67901344281191
3210,0.750891936467279
3047,0.784002527891027
2160,0.380635756694035
2040,0.78845536870077
2413,0.156986529689441
2441,0.864907218103787
2719,0.561758589908878
2590,0.648862257416544
2390,0.621075883612017
3274,0.27273317847957
2670,0.378191782103108
2057,0.376039720514331
2464,0.604523056849083
3277,0.820420729260153
2194,0.614078567599636
2070,0.570294011973024
2060,0.354789335256755
3206,0.842362273504316
2925,0.825021378015471
2034,0.502013964091486
2629,0.789560247362211
2016,0.617914956598375
2902,0.0974625864152294
2877,0.815319366447111
2009,0.295154445583792
3223,0.577966754067746
3230,0.26684334197888
2486,0.570199338222045
2731,0.681577805602769
2481,0.45881363635623
2374,0.540605436140276
2884,0.212924682263843
2814,0.660571826167548
3226,0.597814317900287
2702,0.670293088642789
3283,0.716675558566664
2847,0.820892537858979
3041,0.22065466303031
2806,0.537894677795494
3193,0.264211394293321
2647,0.510627636900955
2418,0.651511642620414
2633,0.79752952861331
3029,0.596940791787323
3254,0.640811265038353
2946,0.20221187672486
2771,0.670987167358705
3146,0.664709514257987
2338,0.371230761208744
2434,0.536656491480242
3035,0.821739255293203
2888,0.779658021382825
2612,0.54736267137427
2942,0.589107890162601
3054,0.331877139270989
2342,0.538543018987437
2407,0.888442578128334
3092,0.43083381113051
2472,0.755032219744952
2635,0.545606943101277
2906,0.43323229136473
3234,0.872752103109162
2987,0.77676169975887
2792,0.786650773489419
2143,0.775729045910313
2732,0.648277131490573
2901,0.655847047885825
2267,0.700401946458904
2973,0.790787152211719
2537,0.278900113702614
2368,0.685523052766402
3122,0.610035394746894
2852,0.65575109309684
2524,0.604795597977482
2287,0.792901047289705
2426,0.308541785920376
3251,0.65881653362229
3198,0.807317506246719
2479,0.376821314591897
2731,0.681577805602769
2268,0.445091606482686
3233,0.577459804049034
3039,0.664205752268961
2152,0.801411407929848
2535,0.635793773227566
2891,0.662346393953732
3275,0.297732738710443
2607,0.32444943765406
2054,0.555296924209376
2759,0.877895131988556
2579,0.641606646387574
2424,0.843831882757394
2241,0.494432131501773
2052,0.894548370919481
2373,0.582534146616765
2578,0.300070851774541
3264,0.645420401667246
3098,0.756352010380134
2048,0.368695462161533
2076,0.423745759444898
2743,0.412635608929439
2175,0.453264270265859
3146,0.664709514257987
2097,0.269591723577816
2719,0.561758589908878
2387,0.741390567625758
3208,0.660946099317397
2746,0.80573624248275
2030,0.611895835248776
2478,0.858830544266913
3065,0.59043310176296
2446,0.251656798627553
3005,0.719906982603485
2106,0.832811954417603
2349,0.871809724680218
3249,0.738580912966006
2076,0.423745759444898
2923,0.753852566341558
2455,0.737074343279827
3075,0.552458629174662
2517,0.55340060670214
2984,0.212461202060664
2016,0.617914956598375
2206,0.6225300588767
3287,0.601060893592887
1097,0.849038130488916
1385,0.638697299954176
1646,0.549273660839779
1929,0.702753262970228
1337,0.839403400868987
868,0.282360197725381
1486,0.358517874104698
1974,0.678190525087948
822,0.417683251541045
1850,0.573481032945098
1130,0.907153110999666
1306,0.733991594963377
925,0.160693307868598
1152,0.397639926574652
924,0.399745198345223
1538,0.41072762193233
1002,0.580551831102957
1849,0.735571897791141
1135,0.574044425596056
1879,0.553026088781084
1335,0.730442141901923
1429,0.781064807864862
1992,0.424144111062964
974,0.783971611056745
1089,0.579984976598663
1798,0.405681702241988
947,0.158375484052197
1781,0.787475739082897
1903,0.687866528508286
1050,0.470668911220482
1768,0.907723329808291
880,0.369353922703898
1666,0.651126827435273
1265,0.447871838288347
1910,0.776869174271903
1510,0.387773465131889
904,0.270271848175501
1216,0.504153699737442
1934,0.364797223185724
884,0.618974461720391
1823,0.628110708698175
946,0.621591325083892
1484,0.545958492142457
1700,0.651051438336476
1629,0.666436299819033
1649,0.745341398539668
1359,0.511073800713923
1494,0.582429003989139
1271,0.449992634940774
1018,0.411993047709879
774,0.566073349575343
1247,0.510011117425579
1670,0.623092291971322
861,0.595589272604752
1991,0.76286703826733
1718,0.394697176722623
1923,0.725353448390375
748,0.653849033770194
1409,0.47024575943871
1200,0.302255350549287
1269,0.368017579547876
1201,0.635512617948761
1414,0.605859563503713
1022,0.71745295793293
1786,0.28795580239853
1931,0.895000712721886
1854,0.454316057928628
1921,0.877605589983879
1518,0.363772219061763
1073,0.888139932424537
1773,0.8694359563817
1533,0.930547352866174
1304,0.751865527999342
1479,0.240239378332116
1556,0.469883416824922
1532,0.618252867298438
1788,0.610587028950472
1550,0.805419150075661
1929,0.702753262970228
1009,0.718647598733442
1288,0.164399580503126
720,0.405533404498429
1010,0.840586197910232
1100,0.631146886187742
1529,0.637367226126804
1622,0.625148861104498
1120,0.725689647272518
1043,0.177983288575123
1607,0.452440183773219
1468,0.427717891100766
1476,0.383909936700968
962,0.383129896773736
1806,0.333468873025252
1415,0.593378664422104
901,0.392216811409238
1535,0.473336125571091
840,0.318835874507636
1339,0.50510978112953
1844,0.661051793375899
880,0.369353922703898
1416,0.752299437928146
1767,0.532348341058647
915,0.282448004534955
1269,0.368017579547876
870,0.621848306380694
820,0.275493415347193
1052,0.782445180604278
995,0.348844439439483
1575,0.648327164052359
1346,0.152414248549971
1058,0.542201060113286
938,0.368034276877802
1795,0.473074452991399
742,0.831882851900781
1418,0.54755450762662
880,0.369353922703898
1396,0.754947089769319
1248,0.569852249016278
1292,0.625001707169513
1330,0.667958356395379
1159,0.300671025357192
1811,0.705456391347065
1219,0.903062928691954
993,0.710731757269618
1748,0.372604586517404
917,0.57046558573052
808,0.350312465409368
984,0.912270386768071
1727,0.206933457664762
1694,0.814843974598802
1132,0.60602857640015
923,0.651636306490384
1618,0.327261861358406
1225,0.559989228661112
1266,0.682126560383815
1863,0.709283733446842
806,0.653242637063878
815,0.428717657191934
1454,0.513852111299269
935,0.194648688584376
1926,0.739489716500367
1075,0.519635706223217
1892,0.738649987921506
762,0.453973834466368
1905,0.376238338635995
1375,0.570540891528479
746,0.712188261464637
723,0.839381203561036
930,0.88152721230474
1925,0.814807072542184
1033,0.55021699355544
917,0.57046558573052
938,0.368034276877802
971,0.627658955800487
1176,0.607213165083043
1715,0.543062560467058
1021,0.396257297337577
1583,0.663921097475409
1994,0.769053849591492
1822,0.626880838163967
1437,0.828904351606287
1689,0.737950773437399
842,0.583449621569703
1345,0.608347715289901
1609,0.756263996326141
1001,0.630524917718399
1280,0.756964309070248
1380,0.646543103811376
1262,0.438388770681543
1407,0.341095875858541
726,0.163975572728185
1143,0.779821926906903
1141,0.55756806464013
778,0.624490501503578
1033,0.55021699355544
1587,0.825541470829166
1630,0.701840915014262
1882,0.452313464566179
1758,0.430162948830033
818,0.874888820324962
1725,0.581965685810429
1291,0.807332805480332
853,0.296247018145877
1088,0.303662532611054
943,0.47066143193107
1655,0.789283343225538
1232,0.856850301919547
1085,0.635531008862968
865,0.569270008479172
1695,0.918132090527014
762,0.453973834466368
1403,0.223278046810553
1600,0.880525595506114
1362,0.496600188904743
1299,0.63374524346803
1169,0.578311910149968
1534,0.441706149790963
1710,0.581291048630078
830,0.638304664497589
1068,0.748386777897432
1116,0.673363776929483
988,0.843014857618321
838,0.892705093183618
1361,0.600646356548929
929,0.502363854137289
1355,0.365681308891689
1369,0.519205388347398
1804,0.670856896349709
978,0.781592347507289
1239,0.391129921309949
1913,0.847515881399825
1593,0.561618838732624
1894,0.37703383104158
1244,0.578609628495036
787,0.40475666281402
1755,0.796360417879071
1894,0.37703383104158
1507,0.677247559430565
1771,0.718787260362721
1838,0.476033816279052
986,0.699816250643922
1388,0.506434347193101
848,0.762954335935083
899,0.817997041235342
789,0.768407294589354
1978,0.712742155486932
1191,0.798507501479222
1496,0.357084977680365
1086,0.917192954532343
865,0.569270008479172
1369,0.519205388347398
1693,0.50620150964553
1890,0.807756489953843
810,0.608301274699996
1597,0.412584986129166
1837,0.176504943350118
1549,0.589657342136404
841,0.422930161980638
1951,0.627079847243886
1293,0.589697064886218
1358,0.720447403722089
1657,0.569900649699658
1662,0.638271831127617
766,0.624936004809735
1219,0.903062928691954
1880,0.865543986583663
1611,0.796068050768316
1282,0.406599003104934
1180,0.639959654669297
1842,0.690116129901397
1871,0.265754634753219
1137,0.6077696805493
1986,0.697868666600293
1161,0.63459219517593
960,0.743644361674471
1632,0.39063815950539
1954,0.562709813420723
1936,0.594807128963477
1953,0.756776887019281
803,0.708895895967327
1222,0.715394444314552
840,0.318835874507636
987,0.618131815353903
945,0.864485605726386
898,0.658005245719699
1927,0.73074427633433
1005,0.783922600855664
831,0.711351164643701
1139,0.39352396165638
1931,0.895000712721886
814,0.681139900438437
1836,0.811670187223622
1058,0.542201060113286
1536,0.43489126084681
1279,0.596480092050814
1930,0.743397131907618
1562,0.538740748715373
1879,0.553026088781084
1199,0.597635044323217
234,0.616070911798327
392,0.377491530248571
682,0.544908291644276
111,0.772460870710811
258,0.617053946764714
555,0.726803375351494
418,0.400795267572181
387,0.600009455045596
613,0.464116161809187
543,0.539366327832069
321,0.70895499861177
656,0.726198348172799
397,0.661714890597509
404,0.76795216594983
81,0.596951482275188
272,0.722371154476306
678,0.300661812022952
159,0.662068764114001
158,0.688967418680188
204,0.269249810143315
89,0.751946946033952
130,0.505451706816863
204,0.269249810143315
450,0.69543985994895
660,0.668841502630422
55,0.818419961399447
29,0.589176212872382
31,0.637240257177981
292,0.777968472709405
179,0.893844804617602
80,0.716699086478814
589,0.77499768303108
109,0.588702918440496
381,0.311633759766533
357,0.542676173521193
217,0.645955960505283
470,0.577070976556407
512,0.387813709660843
644,0.63169101350719
248,0.772117327236795
238,0.698653033125862
312,0.605267727401761
457,0.46890760704323
364,0.284086555510208
3,0.630098409164425
579,0.772191594686035
679,0.508539221108106
603,0.744260308394339
635,0.647418823010586
601,0.568750706969433
677,0.756635948352446
560,0.226599269563442
313,0.43543013533991
425,0.847127219390892
295,0.566053159506072
644,0.63169101350719
192,0.696076683801675
647,0.50793579682976
457,0.46890760704323
600,0.757331598989246
448,0.498687156709244
275,0.907911758748279
614,0.336681307892537
102,0.257194347426057
11,0.476524957525776
386,0.748083860669388
339,0.59900097998623
196,0.559843348139826
188,0.616632482749866
403,0.823338754020924
258,0.617053946764714
653,0.50610694363964
255,0.937162418838266
536,0.317147820360003
156,0.823281610443497
638,0.80839794388623
405,0.695716875442971
542,0.820185774959162
690,0.40229710954794
504,0.706162326500761
44,0.312962575894453
336,0.771029350769482
555,0.726803375351494
631,0.533811893502394
258,0.617053946764714
305,0.861546497180589
271,0.467506953811961
586,0.642516640542068
312,0.605267727401761
660,0.668841502630422
86,0.782209580227804
366,0.719999011927996
666,0.409704341588022
1,0.638910407206604
695,0.474170765656101
673,0.571167637385085
62,0.818876709544032
432,0.549934578742573
390,0.187354744780523
66,0.625810447955811
254,0.310821144877264
67,0.311337988501806
505,0.731658158701777
398,0.678379584884935
258,0.617053946764714
672,0.603741492133771
387,0.600009455045596
375,0.302861625383437
568,0.571410489246762
247,0.584672536503003
599,0.58879545823338
165,0.783440354438576
94,0.625972031133144
331,0.681661626899084
285,0.763764028848574
328,0.56851721312094
60,0.551656455500557
374,0.837766217153838
426,0.584219645788239
343,0.271417408427907
622,0.574084199735805
189,0.850798052095804
181,0.721538657741975
374,0.837766217153838
107,0.688890481058158
666,0.409704341588022
601,0.568750706969433
458,0.807878852916724
304,0.434807033137277
568,0.571410489246762
380,0.682297760719855
241,0.677840884229812
124,0.4600136146898
440,0.570693771482751
565,0.659294499426795
422,0.595359503485556
535,0.249113277934894
143,0.782681878848653
332,0.698691317279667
129,0.827065358088846
326,0.583745919984443
579,0.772191594686035
485,0.529508332993395
126,0.536982480970636
242,0.574843512543466
499,0.420198829457141
264,0.56776136279757
237,0.411355488574751
19,0.825097307422208
86,0.782209580227804
645,0.662073664523649
43,0.273332475431569
587,0.798324037924312
74,0.727045459606116
374,0.837766217153838
15,0.718442949818923
69,0.803970467938848
268,0.682788106879914
470,0.577070976556407
493,0.564658045330436
426,0.584219645788239
172,0.389056076731054
379,0.407152202015078
699,0.337997299682915
315,0.799952112013682
252,0.682518366623951
423,0.458043295594632
105,0.354899110536325
192,0.696076683801675
228,0.778753981969836
36,0.506790557229225
166,0.20002966442521
414,0.787911879417429
194,0.308043393268416
350,0.749943002764838
303,0.588982391844903
498,0.809358643520492
307,0.638072214571719
584,0.676873940049984
444,0.647517770105017
41,0.887112861959622
641,0.811858805598298
702,0.760569329422764
568,0.571410489246762
446,0.835459605589474
314,0.194418890430735
486,0.681840196991752
123,0.393606497991783
135,0.821444200965342
383,0.43362250565077
251,0.520759830352923
609,0.374615119381086
48,0.542601397105457
197,0.677297809720835
454,0.824457623738819
201,0.504316494729816
33,0.783938517386903
482,0.705435053397653
672,0.603741492133771
508,0.828905275116746
424,0.649183650139538
604,0.271551836901961
591,0.788673155932991
579,0.772191594686035
563,0.539775810999343
524,0.569010960298328
149,0.6062587667408
64,0.31849385184731
144,0.662817555156376
657,0.366524503339195
293,0.269301112517457
667,0.684263542923248
261,0.876634238132372
100,0.604198891151467
220,0.732385383937852
442,0.493685333611034
512,0.387813709660843
97,0.766601370760778
552,0.852221552082561
384,0.721917687829974
515,0.66885851296003
11937,0.553796044618938
78,0.577962202881949
438,0.882915331655958
433,0.474709556362141
487,0.317544582788802
378,0.602198254201543
246,0.384076839388643
556,0.438142857572634
391,0.862503113930616
499,0.420198829457141
20,0.268086880521951
62,0.818876709544032
213,0.839241722613
589,0.77499768303108
64,0.31849385184731
155,0.776847222884666
568,0.571410489246762
79,0.384122496429339
700,0.637749854819043
192,0.696076683801675
215,0.693120024141334
152,0.375590789705696
225,0.468156093170024
243,0.758465366495769
431,0.783904637109646
576,0.638028517945594
230,0.273236558867728
5,0.399497467073836
501,0.830969591451636
178,0.577311244877349
585,0.446187457320033
611,0.743271253967587
616,0.599910755818878
520,0.596127481342653
644,0.63169101350719
48,0.542601397105457
71,0.615735519019441
138,0.678372703448987
113,0.841627791877154
481,0.841271347596302
681,0.573208345871607
210,0.300131346741186
271,0.467506953811961
547,0.669867567602652
209,0.24528171608999
223,0.612138584185628
167,0.432861449567943
623,0.352143851280631
488,0.805590965160061
527,0.534104530191638
693,0.638326572736109
634,0.390942741736116
428,0.82965441446406
639,0.399920174694314
632,0.765635940858026
618,0.696350688293678
430,0.608298837408667
250,0.604590925713048
